StockCode,Description
20711,JUMBO BAG TOYS 
20712,JUMBO BAG WOODLAND ANIMALS
20713,JUMBO BAG OWLS
20719,WOODLAND CHARLOTTE BAG
20723,STRAWBERRY CHARLOTTE BAG
20724,RED RETROSPOT CHARLOTTE BAG
20725,LUNCH BAG RED RETROSPOT
20727,LUNCH BAG  BLACK SKULL.
21733,RED HANGING HEART T-LIGHT HOLDER
21790,VINTAGE SNAP CARDS
21791,VINTAGE HEADS AND TAILS CARD GAME 
21928,JUMBO BAG SCANDINAVIAN PAISLEY
21931,JUMBO STORAGE BAG SUKI
22086,PAPER CHAIN KIT 50'S CHRISTMAS 
22355,CHARLOTTE BAG SUKI DESIGN
22356,CHARLOTTE BAG PINK POLKADOT
22383,LUNCH BAG SUKI  DESIGN 
22384,LUNCH BAG PINK POLKADOT
22385,JUMBO BAG SPACEBOY DESIGN
22386,JUMBO BAG PINK POLKADOT
22411,JUMBO SHOPPER VINTAGE RED PAISLEY
22423,REGENCY CAKESTAND 3 TIER
22577,WOODEN HEART CHRISTMAS SCANDINAVIAN
22578,WOODEN STAR CHRISTMAS SCANDINAVIAN
22629,SPACEBOY LUNCH BOX 
22630,DOLLY GIRL LUNCH BOX
22697,GREEN REGENCY TEACUP AND SAUCER
22698,PINK REGENCY TEACUP AND SAUCER
22699,ROSES REGENCY TEACUP AND SAUCER 
22726,ALARM CLOCK BAKELIKE GREEN
22727,ALARM CLOCK BAKELIKE RED 
22730,ALARM CLOCK BAKELIKE IVORY
22865,HAND WARMER OWL DESIGN
22866,HAND WARMER SCOTTY DOG DESIGN
22910,PAPER CHAIN KIT VINTAGE CHRISTMAS
23199,JUMBO BAG APPLES
23200,mailout 
23203,mailout
23300,GARDENERS KNEELING PAD CUP OF TEA 
23301,GARDENERS KNEELING PAD KEEP CALM 
84596B,SMALL DOLLY MIX DESIGN ORANGE BOWL
84596F,SMALL MARSHMALLOWS PINK BOWL
85099B,JUMBO BAG RED RETROSPOT
85099C,JUMBO  BAG BAROQUE BLACK WHITE
85099F,JUMBO BAG STRAWBERRY
85123A,WHITE HANGING HEART T-LIGHT HOLDER
